name,charge,E_drug_Eh,E_HOMO_eV,E_LUMO_eV,alpha_au,Gap_eV,Eta_eV,Mu_eV,Omega_eV
Azure A,1,-48.74764562689,-13.3283,-12.0229,188.731145,1.3054000000000006,0.6527000000000003,-12.6756,123.08168788110918
Methylene Blue,1,-55.085204525323,-13.0141,-11.7874,212.030172,1.2266999999999992,0.6133499999999996,-12.400749999999999,125.35958307858488
Toluidine Blue O,1,-51.920409233741,-13.1863,-11.9053,200.181888,1.2809999999999988,0.6404999999999994,-12.5458,122.8704899609681
Hydromethylthionine,0,-55.98501222207,-8.4025,-5.8804,219.583252,2.5221,1.26105,-7.14145,20.221366362356765
Thioflavin-T,1,-54.835386799951,-12.8573,-11.1542,216.513676,1.703100000000001,0.8515500000000005,-12.005749999999999,84.63274796694257
FDDNP,0,-60.123565186095,-9.9202,-8.145,212.369853,1.7752,0.8876,-9.032599999999999,45.95981453357367
EGCG,0,-101.088827376261,-10.1539,-7.2508,281.830296,2.9031000000000002,1.4515500000000001,-8.70235,26.086216638248764
Resveratrol,0,-48.271969716065,-9.897,-7.1936,166.439656,2.7034000000000002,1.3517000000000001,-8.545300000000001,27.011227376636832
Curcumin,0,-79.508930530311,-10.284,-8.0547,255.435726,2.2293000000000003,1.1146500000000001,-9.169350000000001,37.71451999394429
Quercetin,0,-65.720431243939,-10.1808,-7.8924,188.515321,2.2883999999999993,1.1441999999999997,-9.0366,35.684381908757224
Chrysamine G,0,-100.878473912089,-9.2027,-8.563,327.589818,0.6396999999999995,0.31984999999999975,-8.882850000000001,123.34691905971563
Myricetin,0,-69.793377802551,-10.176,-7.8867,193.107795,2.2893,1.14465,-9.03135,35.62891836915214
Baicalein,0,-57.568620288404,-10.3493,-7.8975,179.484013,2.4517999999999995,1.2258999999999998,-9.1234,33.94910986214211
Congo Red,0,-129.118382052376,-9.287,-8.5643,450.376088,0.7227000000000015,0.3613500000000007,-8.925650000000001,110.2355443787185
Fisetin,0,-61.635409478373,-10.0782,-7.7954,183.831281,2.282800000000001,1.1414000000000004,-8.9368,34.986154827404924
Luteolin,0,-61.644180222295,-10.4765,-7.7848,183.988945,2.6917,1.34585,-9.13065,30.972533871716752
Apigenin,0,-57.57097435201,-10.4996,-7.7814,179.431971,2.7181999999999995,1.3590999999999998,-9.1405,30.736789143550883
Honokiol,0,-55.796760160974,-10.0323,-6.4421,207.60216,3.5901999999999994,1.7950999999999997,-8.2372,18.89907633000947
Anle138b,0,-57.934167097786,-10.3582,-7.175,209.857925,3.1832000000000003,1.5916000000000001,-8.7666,24.143401470218645
Rosmarinic Acid,0,-79.245290620338,-10.1413,-7.7361,230.307371,2.405199999999999,1.2025999999999994,-8.9387,33.219839385498105
Tideglusib,0,-65.100568590226,-10.5191,-7.7068,242.125972,2.8122999999999996,1.4061499999999998,-9.11295,29.529515948689685
Bexarotene,0,-73.835602469501,-10.2721,-7.5537,270.236612,2.7184,1.3592,-8.9129,29.222993823572693
Donepezil,0,-81.324903853183,-9.2236,-7.2769,280.67766,1.946699999999999,0.9733499999999995,-8.25025,34.965133334617576
Rivastigmine,0,-55.215021479162,-9.4315,-6.0285,186.130388,3.4029999999999996,1.7014999999999998,-7.73,17.55888921539818
Memantine,0,-39.401207715284,-9.7429,0.696,138.433597,10.4389,5.21945,-4.52345,1.9601298894040564
AZD1080,0,-69.691925960026,-9.612,-7.2599,237.437918,2.3521,1.17605,-8.43595,30.256048808511544
Galantamine,0,-62.246065627427,-9.5678,-6.1641,203.528937,3.4036999999999997,1.7018499999999999,-7.86595,18.178208832300143
Tacrine,0,-40.847303857426,-9.4339,-6.8032,153.497822,2.630699999999999,1.3153499999999996,-8.118549999999999,25.054492759531684
