carrier,name,status,dE_int_json,dE_int_recomputed,E_complex_diff_Eh,E_carrier_diff_Eh,E_drug_diff_Eh,pose_ok,dmin_recomputed,dmin_json,chem_recomputed,chem_json,intact_recomputed,intact_json,delta_Eint_kcal_mol,delta_Eads_kcal_mol,adsorption_mode,drug_intact,min_contact_A,table_matches_json
beta12_supported,Anle138b,OK,-31.559,-31.559,0.0,0.0,0.0,True,3.211,3.211,False,False,True,True,-31.559,-26.356,physisorption,True,3.211,True
beta12_supported,Apigenin,OK,-49.597,-49.597,0.0,0.0,0.0,True,3.137,3.137,False,False,True,True,-49.597,-41.054,physisorption,True,3.137,True
beta12_supported,AZD1080,OK,-33.057,-33.057,-9.947598300641403e-13,0.0,1.0089706847793423e-12,True,3.125,3.125,False,False,True,True,-33.057,-27.01,physisorption,True,3.125,True
beta12_supported,Azure A,OK,-99.079,-99.079,0.0,0.0,0.0,True,3.277,3.277,False,False,True,True,-99.079,-86.718,physisorption,True,3.277,True
beta12_supported,Baicalein,OK,-52.912,-52.912,0.0,0.0,0.0,True,3.161,3.161,False,False,True,True,-52.912,-43.894,physisorption,True,3.161,True
beta12_supported,Bexarotene,OK,-27.194,-27.194,-9.947598300641403e-13,0.0,0.0,True,3.127,3.127,False,False,True,True,-27.194,-20.25,physisorption,True,3.127,True
beta12_supported,Chrysamine G,OK,-187.489,-187.489,0.0,0.0,0.0,True,1.534,1.534,True,True,True,True,-187.489,-110.159,chemisorption,True,1.534,True
beta12_supported,Congo Red,OK,-232.496,-232.496,0.0,0.0,8.981260180007666e-12,True,1.541,1.541,True,True,False,False,-232.496,-105.078,chemisorption,False,1.541,True
beta12_supported,Curcumin,OK,-54.179,-54.179,0.0,0.0,0.0,True,3.143,3.143,False,False,True,True,-54.179,-43.301,physisorption,True,3.143,True
beta12_supported,Donepezil,OK,-35.435,-35.435,0.0,0.0,0.0,True,3.207,3.207,False,False,True,True,-35.435,-27.089,physisorption,True,3.207,True
beta12_supported,EGCG,OK,-52.65,-52.65,0.0,0.0,0.0,True,2.919,2.919,False,False,True,True,-52.65,-40.644,physisorption,True,2.919,True
beta12_supported,FDDNP,OK,-44.568,-44.568,0.0,0.0,0.0,True,3.329,3.329,False,False,True,True,-44.568,-36.696,physisorption,True,3.329,True
beta12_supported,Fisetin,OK,-54.27,-54.27,0.0,0.0,0.0,True,3.121,3.121,False,False,True,True,-54.27,-44.926,physisorption,True,3.121,True
beta12_supported,Galantamine,OK,-26.857,-26.857,0.0,0.0,0.0,True,3.265,3.265,False,False,True,True,-26.857,-21.223,physisorption,True,3.265,True
beta12_supported,Honokiol,OK,-31.872,-31.872,0.0,0.0,0.0,True,3.154,3.154,False,False,True,True,-31.872,-21.449,physisorption,True,3.154,True
beta12_supported,Hydromethylthionine,OK,-28.317,-28.317,0.0,0.0,0.0,True,3.398,3.398,False,False,True,True,-28.317,-22.553,physisorption,True,3.398,True
beta12_supported,Luteolin,OK,-55.552,-55.552,-9.947598300641403e-13,0.0,0.0,True,3.12,3.12,False,False,True,True,-55.552,-44.773,physisorption,True,3.12,True
beta12_supported,Memantine,OK,-11.115,-11.115,0.0,0.0,0.0,True,3.578,3.578,False,False,True,True,-11.115,-6.042,physisorption,True,3.578,True
beta12_supported,Methylene Blue,OK,-95.015,-95.015,0.0,0.0,0.0,True,3.195,3.195,False,False,True,True,-95.015,-81.468,physisorption,True,3.195,True
beta12_supported,Myricetin,OK,-58.472,-58.472,0.0,0.0,0.0,True,3.228,3.228,False,False,True,True,-58.472,-51.305,physisorption,True,3.228,True
beta12_supported,Quercetin,OK,-57.768,-57.768,0.0,0.0,0.0,True,3.132,3.132,False,False,True,True,-57.768,-50.089,physisorption,True,3.132,True
beta12_supported,Resveratrol,OK,-35.11,-35.11,0.0,-9.947598300641403e-13,0.0,True,3.224,3.224,False,False,True,True,-35.11,-28.362,physisorption,True,3.224,True
beta12_supported,Rivastigmine,OK,-20.291,-20.291,0.0,0.0,0.0,True,3.338,3.338,False,False,True,True,-20.291,-15.404,physisorption,True,3.338,True
beta12_supported,Rosmarinic Acid,OK,-55.277,-55.277,0.0,0.0,0.0,True,2.868,2.868,False,False,True,True,-55.277,-43.176,physisorption,True,2.868,True
beta12_supported,Tacrine,OK,-25.076,-25.076,0.0,0.0,0.0,True,3.34,3.34,False,False,True,True,-25.076,-17.636,physisorption,True,3.34,True
beta12_supported,Thioflavin-T,OK,-69.654,-69.654,0.0,0.0,0.0,True,3.303,3.303,False,False,True,True,-69.654,-59.776,physisorption,True,3.303,True
beta12_supported,Tideglusib,OK,-119.986,-119.986,0.0,0.0,0.0,True,2.151,2.151,True,True,False,False,-119.986,-41.793,chemisorption,False,2.151,True
beta12_supported,Toluidine Blue O,OK,-97.638,-97.638,0.0,0.0,0.0,True,3.307,3.307,False,False,True,True,-97.638,-84.699,physisorption,True,3.307,True
