name,MW,TPSA,alpha,charge,dE_int,oof_pred,residual,leverage,std_residual,inside_AD
Methylene Blue,284.408,19.14,212.030172,1,-95.015,-54.21223653286112,-40.80276346713888,0.2593925297007538,-1.3076335086099404,True
Hydromethylthionine,285.41599999999994,18.509999999999998,219.583252,0,-28.317,-30.06381666517909,1.7468166651790895,0.13636862219287763,0.055981404461147834,True
Azure A,256.354,41.92,188.731145,1,-99.079,-84.15813416272806,-14.920865837271933,0.2673708925012057,-0.4781789880973035,True
Toluidine Blue O,270.381,41.92,200.181888,1,-97.638,-65.63752547825335,-32.00047452174665,0.2606580306969096,-1.025540655101829,True
Thioflavin-T,283.42,7.12,216.513676,1,-69.654,-65.42342576177043,-4.230574238229565,0.2692504424257519,-0.13558004812655064,True
Chrysamine G,482.45200000000017,164.49999999999997,327.589818,0,-187.489,-59.045150772019255,-128.44384922798076,0.3985236337582945,-4.116326124837544,False
FDDNP,293.34499999999997,50.82,212.369853,0,-44.568,-48.662436408399095,4.094436408399098,0.06503886551079319,0.13121714784850633,True
Curcumin,368.3850000000001,93.06000000000002,255.435726,0,-54.179,-62.58857103355421,8.409571033554208,0.08485266005189404,0.2695071593708921,True
EGCG,458.37500000000017,197.36999999999998,281.830296,0,-52.65,-56.53230338266709,3.8823033826670894,0.32241582377216316,0.12441877859213499,True
Resveratrol,228.247,60.69,166.439656,0,-35.11,-53.048483249989104,17.938483249989105,0.11947474095844907,0.5748865958604819,True
Quercetin,302.23800000000006,131.36,188.515321,0,-57.768,-53.96041147567272,-3.8075885243272793,0.1298509073469516,-0.12202434144978642,True
Myricetin,318.237,151.59,193.107795,0,-58.472,-54.58432825452372,-3.8876717454762826,0.17737002838573618,-0.12459082211319036,True
Baicalein,270.24,90.9,179.484013,0,-52.912,-43.76383516337603,-9.14816483662397,0.07970881324182114,-0.29317737001541133,True
Rosmarinic Acid,360.3180000000001,144.52,230.307371,0,-55.277,-54.36985863520607,-0.9071413647939295,0.11596371485500204,-0.029071767322966416,True
Fisetin,286.23900000000003,111.13000000000001,183.831281,0,-54.27,-50.47160041913062,-3.7983995808693862,0.09765462956632304,-0.1217298572199636,True
Apigenin,270.24,90.9,179.431971,0,-49.597,-43.757137981014075,-5.839862018985926,0.079818485615823,-0.18715397225079095,True
Luteolin,286.23900000000003,111.13000000000001,183.988945,0,-55.552,-53.97155383200256,-1.5804461679974366,0.09723302670086417,-0.05064961762925755,True
Honokiol,266.3399999999999,40.46,207.60216,0,-31.872,-39.64847668634428,7.776476686344282,0.13822708557045038,0.24921796049861566,True
Anle138b,343.18000000000006,47.14,209.857925,0,-31.559,-47.99708650894895,16.438086508948945,0.7784717501192959,0.5268023758695156,False
AZD1080,334.3790000000001,85.17,237.437918,0,-33.057,-57.490307765060905,24.433307765060903,0.07167495011788974,0.7830305902075567,True
Bexarotene,348.48600000000016,37.3,270.236612,0,-27.194,-58.336486227293605,31.142486227293606,0.24624644377457539,0.9980441291685925,True
Donepezil,379.50000000000017,38.77,280.67766,0,-35.435,-59.99364448094005,24.558644480940046,0.24519538989403936,0.7870473399474288,True
Rivastigmine,250.34199999999998,32.78,186.130388,0,-20.291,-32.845843599767115,12.554843599767114,0.09261458924942356,0.40235348764145135,True
Galantamine,287.35900000000004,41.93,203.528937,0,-26.857,-34.76389502363145,7.906895023631449,0.0964404041034683,0.25339756436567334,True
Memantine,179.307,26.02,138.433597,0,-11.115,-52.232177350347996,41.117177350347994,0.19471335101111525,1.3177097410589393,True
Tacrine,198.26899999999992,38.91,153.497822,0,-25.076,-23.042145370145306,-2.0338546298546945,0.17547018887812563,-0.06518030250037754,True
