name,formal_charge,smiles,E_drug_Eh,drug_formula,n_drug,status,best_orientation_deg,min_contact_A,E_complex_Eh,E_carrier_frozen_Eh,E_drug_frozen_Eh,delta_Eint_SP_kcal_mol,delta_Eads_kcal_mol,final_pose_file,sha256,seconds
Methylene Blue,1,CN(C)c1ccc2nc3ccc(N(C)C)cc3[s+]c2c1,-55.085213851713,CHNS,38,OK,180,1.474,-111.46612794902,-56.178770649705,-55.048780992603,-149.709,-118.447,calculations\tau_recompute\Methylene_Blue\complex_opt.xyz,dcbbad67afa29775b5dc0c9aca543772714a14666221ae39586dd4f7a5456288,591.7
Hydromethylthionine,0,CN(C)C1=CC=C2NC3=CC=C(N(C)C)C=C3SC2=C1,-55.985012226302,CHNS,39,OK,270,3.637,-112.268974196617,-56.270528349405,-55.984859753674,-8.525,-57.609,calculations\tau_recompute\Hydromethylthionine\complex_opt.xyz,469115544bdf43f8bc0d35b99c15c9aa97f5ff366b3de290dda804d4e0ee607c,358.1
Azure A,1,CNc1ccc2nc3ccc(N(C)C)cc3[s+]c2c1,-51.916683360699,CHNS,35,OK,0,1.472,-108.300230068188,-56.178339227649,-51.877686231716,-153.241,-120.099,calculations\tau_recompute\Azure_A\complex_opt.xyz,420307e4c080db3b5a0c243e571fc427e168f077f38d4235eaec53562121a0b4,441.7
Toluidine Blue O,1,Cc1cc2nc3ccc(N(C)C)cc3[s+]c2cc1N,-51.920432334932,CHNS,35,OK,270,1.448,-108.298985765665,-56.157835361661,-51.875575936461,-166.65,-116.966,calculations\tau_recompute\Toluidine_Blue_O\complex_opt.xyz,27a74ed2462dba4020d4ecab8c6b5e14ebf934de6f5ddac046b36f919e0b592e,418.3
Thioflavin-T,0,Cc1ccc(Nc2nc3ccccc3s2)cc1,-45.213171041641,CHNS,29,OK,90,3.367,-101.498506443115,-56.27031300422,-45.212544326421,-9.82,-58.471,calculations\tau_recompute\Thioflavin_T\complex_opt.xyz,97ae2b32884d83b95087443d513152393ef8de2f09295bf705c402b56fe6a9a8,313.1
Thioflavin-S,0,Cc1ccc2nc(c3ccc(N)cc3)sc2c1,-45.205680573281,CHNS,29,OK,270,3.141,-101.495680722109,-56.269737464275,-45.205428529304,-12.873,-61.398,calculations\tau_recompute\Thioflavin_S\complex_opt.xyz,3d08b879390dc103dd77f9b3d9212efe02c91ada9edaa5a57ae19f59429fd939,443.5
Congo Red,0,OS(=O)(=O)c1cc2ccc(N=Nc3ccc(-c4ccc(N=Nc5ccc6cc(S(=O)(=O)O)c(N)cc6c5)cc4)cc3)cc2c(N)c1,-129.114381248083,CHNOS,70,OK,0,1.479,-185.44601697594,-56.161369483859,-129.072879829891,-132.886,-87.525,calculations\tau_recompute\Congo_Red\complex_opt.xyz,b38c620f723cfd77cd39c7bd4facf12b2d731bbfb849272812aec0d47ff7fe54,1211.3
Chrysamine G,0,O=C(O)c1cc(N=Nc2ccc(-c3ccc(N=Nc4cc(C(=O)O)c(O)cc4)cc3)cc2)ccc1O,-100.878001832612,CHNO,54,OK,90,1.685,-157.337595174005,-56.375031214727,-100.834225009312,-80.534,-167.819,calculations\tau_recompute\Chrysamine_G\complex_opt.xyz,56e9e3dbda2f20bac6b90fc359ad3df84f39431261f4e250c36da990361f2801,1079.3
FDDNP,0,CCN(CC)c1ccc(/C=C/C=C(\C#N)C#N)cc1,-51.591497242536,CHN,36,OK,0,1.362,-107.928873202768,-56.131736346823,-51.514932513809,-177.086,-91.127,calculations\tau_recompute\FDDNP\complex_opt.xyz,c052ba7151e529c2f71a6e427b934884ee70e8d69947e3528ef335dc0ab48a72,487.5
Curcumin,0,COc1cc(/C=C/C(=O)CC(=O)/C=C/c2ccc(O)c(OC)c2)ccc1O,-79.508930529951,CHO,47,OK,180,1.409,-135.810394524367,-56.178674430495,-79.484419517335,-92.433,-68.592,calculations\tau_recompute\Curcumin\complex_opt.xyz,d9d89dfac5ea9034c6f4e9d9190e73ba3beff7edc51fb605354aed8e0445d2a7,641.7
EGCG,0,O=C(Oc1cc(O)c(O)c(O)c1)[C@@H]1Oc2cc(O)cc(O)c2[C@@H](O)[C@H]1c1cc(O)c(O)c(O)c1,-105.144932218353,CHO,52,OK,180,3.091,-161.490500660551,-56.298015188551,-105.139337474218,-33.351,-96.268,calculations\tau_recompute\EGCG\complex_opt.xyz,f8d9bc6b8e276431826501f6c67f3dc6fd3f838ed425fc536f1b064ea2d90d02,723.9
Resveratrol,0,Oc1ccc(/C=C/c2cc(O)cc(O)c2)cc1,-48.271969716065,CHO,29,OK,270,3.202,-104.604130829729,-56.311949231119,-48.271462120533,-13.002,-87.855,calculations\tau_recompute\Resveratrol\complex_opt.xyz,45dc0ab89993690434daa2942c2316d58f3d2ae935af89315347a9500353e738,410.1
Quercetin,0,O=C1C(O)=C(c2ccc(O)c(O)c2)Oc2cc(O)cc(O)c21,-65.720431243939,CHO,32,OK,180,2.924,-121.974464619688,-56.188540793127,-65.716334661895,-43.668,-38.829,calculations\tau_recompute\Quercetin\complex_opt.xyz,3a9198e804bc59902cf5d61a4a1ba9031f3d1d95336b338eca8805f02883e23b,474.0
Myricetin,0,O=C1C(O)=C(c2cc(O)c(O)c(O)c2)Oc2cc(O)cc(O)c21,-69.793377802551,CHO,33,OK,90,3.134,-126.083757149799,-56.269180370542,-69.792876823661,-13.617,-61.636,calculations\tau_recompute\Myricetin\complex_opt.xyz,8e638362418691eaeb032210f7c0d8ea765060bdae822206a029158d0ff6fd2a,442.2
Baicalein,0,O=C1C=C(c2ccccc2)Oc2cc(O)c(O)c(O)c21,-57.568620288404,CHO,30,OK,0,1.454,-113.847391008001,-56.163120514636,-57.551461585143,-83.339,-54.352,calculations\tau_recompute\Baicalein\complex_opt.xyz,a257ed760b76f270e25d85ca6fe8836b8d054038b5cc8f3784cd2c2d2888094f,503.0
Rosmarinic Acid,0,O=C(O)/C=C/c1ccc(O)c(O)c1OC(=O)[C@H](Cc1ccc(O)c(O)c1)O,-83.323539425424,CHO,43,OK,270,1.405,-139.758125147619,-56.22747365247,-83.160091308633,-232.53,-152.127,calculations\tau_recompute\Rosmarinic_Acid\complex_opt.xyz,19d8b572bbabcc86e8bbb995cdfe0ed398c3a8a015205c832c4657dcb585081b,748.2
Fisetin,0,O=C1C(O)=C(c2ccc(O)c(O)c2)Oc2ccc(O)cc21,-61.632962122616,CHO,31,OK,180,1.465,-117.926015633377,-56.177671501753,-61.6128343093,-85.034,-63.314,calculations\tau_recompute\Fisetin\complex_opt.xyz,35332b33da585dedad6d7dd63449d0905a0f702e3fc00453e1bdecb2d8cb7041,438.1
Apigenin,0,O=C1C=C(c2ccc(O)cc2)Oc2cc(O)cc(O)c21,-57.57097435201,CHO,30,OK,90,1.369,-113.871544506984,-56.158510882802,-57.546715469936,-104.366,-68.031,calculations\tau_recompute\Apigenin\complex_opt.xyz,05b147dbd06fb7da13b8a07cc46f49af7fdb4faeb9889597fef3206d9754baa5,321.3
Luteolin,0,O=C1C=C(c2ccc(O)c(O)c2)Oc2cc(O)cc(O)c21,-61.644180222295,CHO,31,OK,90,1.377,-117.94929990177,-56.157967577427,-61.620532313133,-107.179,-70.886,calculations\tau_recompute\Luteolin\complex_opt.xyz,51aeb1b0acfa2b7b62d700a9d79ad42b45e0695658db10371dc7dd1c0b5a6d48,306.8
Honokiol,0,C=CCc1ccc(O)c(-c2cc(CC=C)ccc2O)c1,-55.796484226528,CHO,38,OK,180,2.638,-112.115379944348,-56.298693272969,-55.79524627975,-13.454,-79.53,calculations\tau_recompute\Honokiol\complex_opt.xyz,9ae11d7aff309f90c08b063f1e4cebf928cd8bb97652b7522b4ee4934a8e58b9,391.6
Anle138b,0,BrC1=CC(=NN1C2=CC=C(C=C2)Br)C3=CC=CC=C3,-51.21994599103,BrCHN,29,OK,0,3.552,-107.520256859812,-56.280262699291,-51.21970756595,-12.73,-67.868,calculations\tau_recompute\Anle138b\complex_opt.xyz,ce9df56e7851d410ddd1c3d78dc592c3277e49b2779d1f02a8599e09bd138fa8,458.8
Tideglusib,0,O=C1SC(=O)N(Cc2ccccc2)N1c1cccc2ccccc12,-65.075072657661,CHNOS,38,OK,90,3.309,-121.298120555166,-56.191198311746,-65.073934858634,-20.7,-19.385,calculations\tau_recompute\Tideglusib\complex_opt.xyz,c8f3196eb32a64f12795198a41311c83473fc38850710a4d11b98f3b24556119,373.3
AZD1080,0,Cc1nc(Nc2ccc(C#N)c(F)c2)c(C(F)(F)F)n1C,-63.577212629301,CFHN,31,OK,270,3.173,-119.906454264001,-56.311904812638,-63.576675038563,-11.216,-86.023,calculations\tau_recompute\AZD1080\complex_opt.xyz,036ed04b4f3a03171ca3aec0de3866b357601fb29d297c48f0a6a93d0ab007c0,539.2
Bexarotene,0,C=C(c1ccc(C(=O)O)cc1)c1cc2c(cc1C)C(C)(C)CCC2(C)C,-73.835602469501,CHO,54,OK,0,3.423,-130.156029915613,-56.297473213586,-73.834252588712,-15.251,-80.492,calculations\tau_recompute\Bexarotene\complex_opt.xyz,cf0eb294a2ef193fe37aca03d2f367155f70b4e515fb71e999ad778ba6e2b23e,452.1
Donepezil,0,COc1cc2c(cc1OC)C(=O)C(CC1CCN(Cc3ccccc3)CC1)C2,-81.324903853114,CHNO,57,OK,180,3.69,-137.655412893923,-56.311929354405,-81.324730994245,-11.767,-86.818,calculations\tau_recompute\Donepezil\complex_opt.xyz,5aea3ae579bc7ac92fd83a5f84e4fd397ffe944f8101aeb4b5dd49b98bda4d6f,818.2
Rivastigmine,0,CCN(C)C(=O)Oc1cccc([C@@H](C)N(C)C)c1,-55.215660941798,CHNO,40,OK,180,3.478,-111.543584995905,-56.312085259304,-55.215042719955,-10.327,-85.196,calculations\tau_recompute\Rivastigmine\complex_opt.xyz,62756f01d322ef8b248510bb90ba9aac225d6d6ced6e681bf6cc2965f04a71f0,392.2
Galantamine,0,COc1ccc2c3c1O[C@H]1CC(=O)C=C[C@]31CCN(C)C2,-61.199976211531,CHNO,40,OK,90,2.934,-117.523842839674,-56.300059941882,-61.198504625814,-15.862,-82.65,calculations\tau_recompute\Galantamine\complex_opt.xyz,f5d47c9bd74bc7ed465c2a07f0f09958a5e96f2e9511d59a9dfca95ca51856c3,455.6
Memantine,0,CC12CC3CC(C)(C1)CC(N)(C3)C2,-39.401207715284,CHN,34,OK,90,3.592,-95.726068985296,-56.311951989176,-39.401174167414,-8.122,-83.274,calculations\tau_recompute\Memantine\complex_opt.xyz,8af056f9066a489c86adcd2aba314db80f7fe4e1daffcf5e876e81b76346a7a4,315.6
Tacrine,0,Nc1c2ccccc2nc2c1CCCC2,-40.847135774335,CHN,29,OK,180,3.279,-97.15168027408,-56.278751699842,-40.846996938318,-16.272,-70.525,calculations\tau_recompute\Tacrine\complex_opt.xyz,6c9dfd29a67833292f1dd1c11f74c91fe8738819ad61e836f443aededa5ed655,300.0
