name,num_interacting_residues,contact_residues
Anle138b,6,GLN336; GLY333; HIS329; HIS330; LYS331; PRO332
Apigenin,6,ASN359; GLN336; HIS329; HIS330; LYS331; PRO332
AZD1080,10,ASN359; ASP358; GLN336; GLY333; GLY334; GLY335; LEU357; PRO332; SER356; VAL337
Azure A,8,ASN359; GLN336; GLY333; GLY334; GLY335; LEU357; PRO332; VAL337
Baicalein,6,GLN336; GLU338; HIS329; HIS330; LYS331; PRO332
Bexarotene,9,ASN359; GLN336; GLY333; GLY334; GLY335; LEU357; PRO332; SER356; VAL337
Chrysamine G,14,ASN359; ASP358; GLN336; GLU338; GLY333; GLY334; GLY335; HIS329; HIS330; LEU357; LYS331; PRO332; SER356; VAL337
Congo Red,15,ASN327; ASN359; ASP358; GLN336; GLY333; GLY334; GLY335; HIS329; HIS330; ILE328; LEU357; LYS331; LYS353; PRO332; SER356
Curcumin,11,ASN359; GLN336; GLU338; GLY333; GLY334; GLY335; HIS329; HIS330; LEU357; LYS331; PRO332
Donepezil,12,ASN359; GLN336; GLY333; GLY334; GLY335; HIS329; HIS330; LEU357; LYS331; PRO332; SER356; VAL337
EGCG,12,ASN359; ASP358; GLN336; GLY333; GLY334; GLY335; HIS330; ILE360; LEU357; PRO332; SER356; VAL337
FDDNP,10,ASN359; GLN336; GLY333; GLY334; GLY335; LEU357; LYS331; PRO332; SER356; VAL337
Fisetin,6,GLN336; GLU338; HIS329; HIS330; LYS331; PRO332
Galantamine,9,ASN359; ASP358; GLN336; GLY333; GLY334; GLY335; LEU357; PRO332; SER356
Honokiol,9,ASN359; GLN336; GLY333; GLY334; GLY335; HIS330; LEU357; LYS331; PRO332
Hydromethylthionine,7,GLN336; GLU338; GLY333; HIS329; HIS330; LYS331; PRO332
Luteolin,7,ASN359; GLN336; GLU338; HIS329; HIS330; LYS331; PRO332
Memantine,8,ASN359; GLN336; GLY334; GLY335; LEU357; PRO332; SER356; VAL337
Methylene Blue,9,ASN359; GLN336; GLY333; GLY334; GLY335; LEU357; PRO332; SER356; VAL337
Myricetin,7,GLN336; GLU338; GLY333; HIS329; HIS330; LYS331; PRO332
Quercetin,7,ASN359; GLN336; GLU338; HIS329; HIS330; LYS331; PRO332
Resveratrol,6,ASN359; GLN336; HIS329; HIS330; LYS331; PRO332
Rivastigmine,8,ASN359; ASP358; GLY333; GLY334; GLY335; LEU357; PRO332; SER356
Rosmarinic Acid,12,ASN359; ASP358; GLN336; GLY333; GLY334; GLY335; HIS330; LEU357; LYS331; PRO332; SER356; VAL337
Tacrine,7,ASN359; GLN336; GLY333; GLY335; LEU357; PRO332; VAL337
Thioflavin-S,6,ASN359; GLN336; HIS329; HIS330; LYS331; PRO332
Thioflavin-T,8,ASN359; GLY333; GLY334; GLY335; LEU357; PRO332; SER356; VAL337
Tideglusib,8,ASN359; GLN336; GLY333; GLY334; GLY335; LEU357; SER356; VAL337
Toluidine Blue O,9,ASN359; GLN336; GLY333; GLY335; LEU357; LYS331; PRO332; SER356; VAL337
