name,class,vina_8FUG_kcal_mol,ligand_efficiency,n_ring_conformers,pose_file
Methylene Blue,Phenothiazine / Tau Inhibitor,-7.05,0.3525,1,results/docking/real_poses/Methylene_Blue_out.pdbqt
Hydromethylthionine,Reduced Phenothiazine / LMTX,-7.081,0.3541,1,results/docking/real_poses/Hydromethylthionine_out.pdbqt
Azure A,Phenothiazine Metabolite,-6.932,0.3851,1,results/docking/real_poses/Azure_A_out.pdbqt
Toluidine Blue O,Phenothiazine Diagnostic,-7.421,0.3906,1,results/docking/real_poses/Toluidine_Blue_O_out.pdbqt
Thioflavin-T,Amyloid/Tau Diagnostic Dye,-7.403,0.3701,1,results/docking/real_poses/Thioflavin_T_out.pdbqt
Congo Red,Histological Amyloid Stain,-8.874,0.1929,1,results/docking/real_poses/Congo_Red_out.pdbqt
Chrysamine G,Congo Red Derivative,-9.342,0.2595,1,results/docking/real_poses/Chrysamine_G_out.pdbqt
FDDNP,PET Amyloid/Tau Radiotracer,-6.842,0.311,1,results/docking/real_poses/FDDNP_out.pdbqt
Curcumin,Natural Polyphenol,-7.641,0.283,1,results/docking/real_poses/Curcumin_out.pdbqt
EGCG,Green Tea Catechin,-7.725,0.2341,2,results/docking/real_poses/EGCG_out.pdbqt
Resveratrol,Stilbenoid Antioxidant,-6.763,0.3978,1,results/docking/real_poses/Resveratrol_out.pdbqt
Quercetin,Flavonol / Tau Aggregation Inhibitor,-7.667,0.3485,1,results/docking/real_poses/Quercetin_out.pdbqt
Myricetin,Hexahydroxyflavone,-7.341,0.3192,1,results/docking/real_poses/Myricetin_out.pdbqt
Baicalein,Flavone / Anti-Tau Fibril,-7.356,0.3678,1,results/docking/real_poses/Baicalein_out.pdbqt
Rosmarinic Acid,Polyphenolic Ester,-6.681,0.257,1,results/docking/real_poses/Rosmarinic_Acid_out.pdbqt
Fisetin,Tetrahydroxyflavone,-7.748,0.369,1,results/docking/real_poses/Fisetin_out.pdbqt
Apigenin,Trihydroxyflavone,-7.517,0.3759,1,results/docking/real_poses/Apigenin_out.pdbqt
Luteolin,Tetrahydroxyflavone,-7.687,0.366,1,results/docking/real_poses/Luteolin_out.pdbqt
Honokiol,Lignan / Neuroprotective Polyphenol,-6.2,0.31,1,results/docking/real_poses/Honokiol_out.pdbqt
Anle138b,Oligomer Modulator,-8.38,0.399,1,results/docking/real_poses/Anle138b_out.pdbqt
Tideglusib,GSK-3beta Inhibitor,-7.692,0.3205,1,results/docking/real_poses/Tideglusib_out.pdbqt
AZD1080,Selective GSK-3 Inhibitor,-8.124,0.325,5,results/docking/real_poses/AZD1080_out.pdbqt
Bexarotene,RXR Agonist / Clearance Enhancer,-7.109,0.2734,2,results/docking/real_poses/Bexarotene_out.pdbqt
Donepezil,AChE Inhibitor,-8.211,0.2933,5,results/docking/real_poses/Donepezil_out.pdbqt
Rivastigmine,Dual AChE/BuChE Inhibitor,-5.114,0.2841,1,results/docking/real_poses/Rivastigmine_out.pdbqt
Galantamine,Allosteric AChE Modulator,-5.326,0.2536,5,results/docking/real_poses/Galantamine_out.pdbqt
Memantine,NMDA Receptor Antagonist,-5.347,0.4113,2,results/docking/real_poses/Memantine_out.pdbqt
Tacrine,Classical AChE Inhibitor,-6.28,0.4187,3,results/docking/real_poses/Tacrine_out.pdbqt
