from_complex,E_Eh
FDDNP,-61.510526017192
Quercetin,-61.510498987949
Myricetin,-61.510432968549
Azure A,-61.508727781966
Thioflavin-T,-61.508677352449
Fisetin,-61.508638506005
Rivastigmine,-61.508621445158
Anle138b,-61.50861312822
Toluidine Blue O,-61.5086016963
Rosmarinic Acid,-61.508551017273
Baicalein,-61.50849641294
Apigenin,-61.50846547946
Honokiol,-61.50844675672
Memantine,-61.508445618625
Galantamine,-61.508444118263
Hydromethylthionine,-61.508404988423
Bexarotene,-61.508403676355
Luteolin,-61.508400248408
Curcumin,-61.508359734906
EGCG,-61.508335603351
Resveratrol,-61.508320788121
AZD1080,-61.508299270463
Methylene Blue,-61.505863236671
Tacrine,-61.505700065973
Donepezil,-61.505560724768
